{
  "index.html": 1621976163249,
  "model/models.js": 1621976163249,
  "manifest.json": 1621993983463,
  "controller/View1.controller.js": 1621976163245,
  "Component.js": 1621976163245,
  "manifest-bundle.zip": 1621993983470,
  "Component-preload.js": 1621993983588,
  "model/models-dbg.js": 1621976163249,
  "controller/View1-dbg.controller.js": 1621976163245,
  "Component-dbg.js": 1621976163245,
  "view/View1.view.xml": 1621976163261,
  "css/style.css": 1621976163249,
  "i18n/i18n.properties": 1621976163249
}